　我的姐姐/踢皮球,magnet:?xt=urn:btih:19fdbe1462c594fc26c915614e0708feec42014b&amp;dn=%e9%98%b3%e5%85%89%e7%94%b5%e5%bd%b1www.ygdy8.com.%e6%88%91%e7%9a%84%e5%a7%90%e5%a7%90.2021.HD.1080P.%e5%9b%bd%e8%af%ad%e4%b8%ad%e5%ad%97.mkv&amp;tr=udp%3a%2f%2ftracker.opentrackr.org%3a1337%2fannounce&amp;tr=udp%3a%2f%2fexodus.desync.com%3a6969%2fannounce
　劇場版 メイドインアビス 深き魂の黎明/Made in Abyss: Dawn of the Deep  Soul,magnet:?xt=urn:btih:5f3dc9155cd3259bc2f05fdd9851add9e215e9b7&amp;dn=%e9%98%b3%e5%85%89%e7%94%b5%e5%bd%b1www.ygdy8.com.%e6%9d%a5%e8%87%aa%e6%b7%b1%e6%b8%8a%ef%bc%9a%e6%b7%b1%e9%ad%82%e7%9a%84%e9%bb%8e%e6%98%8e.2020.BD.1080P.%e6%97%a5%e8%af%ad%e4%b8%ad%e5%ad%97.mkv&amp;tr=udp%3a%2f%2ftracker.opentrackr.org%3a1337%2fannounce&amp;tr=udp%3a%2f%2fexodus.desync.com%3a6969%2fannounce
　罗小黑战记/罗小黑战记大电影,magnet:?xt=urn:btih:a7a0fd9ccae5e9bc64d9f37be7b9bc32628ffabf&amp;dn=%e9%98%b3%e5%85%89%e7%94%b5%e5%bd%b1www.ygdy8.com.%e7%bd%97%e5%b0%8f%e9%bb%91%e6%88%98%e8%ae%b0.2019.BD.1080P.%e5%9b%bd%e8%af%ad%e4%b8%ad%e5%ad%97.mkv&amp;tr=udp%3a%2f%2ftracker.opentrackr.org%3a1337%2fannounce&amp;tr=udp%3a%2f%2fexodus.desync.com%3a6969%2fannounce
　寻汉计/生不由己,magnet:?xt=urn:btih:ec07be30fd8b24f0a801a793936a400021e1b798&amp;dn=%e9%98%b3%e5%85%89%e7%94%b5%e5%bd%b1www.ygdy8.com.%e5%af%bb%e6%b1%89%e8%ae%a1.2021.HD.1080P.%e5%9b%bd%e8%af%ad%e4%b8%ad%e8%8b%b1%e5%8f%8c%e5%ad%97.mp4&amp;tr=udp%3a%2f%2ftracker.opentrackr.org%3a1337%2fannounce&amp;tr=udp%3a%2f%2fexodus.desync.com%3a6969%2fannounce
　第十一回/刹车问题/如是你闻,magnet:?xt=urn:btih:7a1555f0ffd7123d5a0c8c0ea7d87d747b7e03d0&amp;dn=%e9%98%b3%e5%85%89%e7%94%b5%e5%bd%b1www.ygdy8.com.%e7%ac%ac%e5%8d%81%e4%b8%80%e5%9b%9e.2021.HD.1080P.%e5%9b%bd%e8%af%ad%e4%b8%ad%e8%8b%b1%e5%8f%8c%e5%ad%97.mkv&amp;tr=udp%3a%2f%2ftracker.opentrackr.org%3a1337%2fannounce&amp;tr=udp%3a%2f%2fexodus.desync.com%3a6969%2fannounce
　The  Woman in the  Window,magnet:?xt=urn:btih:dedb3866fa2dcd627e6b58020539e637e314cebb&amp;dn=%e9%98%b3%e5%85%89%e7%94%b5%e5%bd%b1www.ygdy8.com.%e7%aa%97%e9%87%8c%e7%9a%84%e5%a5%b3%e4%ba%ba.2021.BD.1080P.%e4%b8%ad%e8%8b%b1%e5%8f%8c%e5%ad%97.mkv&amp;tr=udp%3a%2f%2ftracker.opentrackr.org%3a1337%2fannounce&amp;tr=udp%3a%2f%2fexodus.desync.com%3a6969%2fannounce
　青春ブタ野郎はゆめみる少女の夢を見ない,magnet:?xt=urn:btih:7299dcde3c1d2d8281d10cc40ca1077644bf2ea0&amp;dn=%e9%98%b3%e5%85%89%e7%94%b5%e5%bd%b1www.ygdy8.com.%e9%9d%92%e6%98%a5%e6%9c%9f%e7%8c%aa%e5%a4%b4%e5%b0%91%e5%b9%b4%e4%b8%8d%e5%81%9a%e6%80%80%e6%a2%a6%e5%b0%91%e5%a5%b3%e7%9a%84%e6%a2%a6.2019.BD.1080P.%e6%97%a5%e8%af%ad%e4%b8%ad%e5%ad%97.mkv&amp;tr=udp%3a%2f%2ftracker.opentrackr.org%3a1337%2fannounce&amp;tr=udp%3a%2f%2fexodus.desync.com%3a6969%2fannounce
　フードラック！食�/FOOD  LUCK,magnet:?xt=urn:btih:08adc040d6cd8555032796ad9a09aef7d74b7258&amp;dn=%e9%98%b3%e5%85%89%e7%94%b5%e5%bd%b1www.ygdy8.com.%e9%a3%9f%e8%bf%90.2020.BD.1080P.%e6%97%a5%e8%af%ad%e4%b8%ad%e5%ad%97.mkv&amp;tr=udp%3a%2f%2ftracker.opentrackr.org%3a1337%2fannounce&amp;tr=udp%3a%2f%2fexodus.desync.com%3a6969%2fannounce
　French  Exit,magnet:?xt=urn:btih:d82a68b1d2bc657f2f63c3a04826471053ac5ec3&amp;dn=%e9%98%b3%e5%85%89%e7%94%b5%e5%bd%b1www.ygdy8.com.%e6%b3%95%e5%bc%8f%e5%87%ba%e5%8f%a3.2020.BD.1080P.%e4%b8%ad%e8%8b%b1%e5%8f%8c%e5%ad%97.mkv&amp;tr=udp%3a%2f%2ftracker.opentrackr.org%3a1337%2fannounce&amp;tr=udp%3a%2f%2fexodus.desync.com%3a6969%2fannounce
　Oxygen/O2/Oxyg&egrave;ne,magnet:?xt=urn:btih:1eb18bcc7a7170345948ad2b99c25705b7fc95f0&amp;dn=%e9%98%b3%e5%85%89%e7%94%b5%e5%bd%b1www.ygdy8.com.%e6%b0%a7%e6%b0%94%e5%8d%b1%e6%9c%ba.2021.1080P.%e4%b8%ad%e8%8b%b1%e5%8f%8c%e5%ad%97.mkv&amp;tr=udp%3a%2f%2ftracker.opentrackr.org%3a1337%2fannounce&amp;tr=udp%3a%2f%2fexodus.desync.com%3a6969%2fannounce
　Above  Suspicion,magnet:?xt=urn:btih:48837b1f48b8233211298d1f690d0b5c454b8f3e&amp;dn=%e9%98%b3%e5%85%89%e7%94%b5%e5%bd%b1www.ygdy8.com.%e5%8f%8c%e9%9d%a2%e7%96%91%e4%ba%91.2019.1080P.%e4%b8%ad%e8%8b%b1%e5%8f%8c%e5%ad%97.mkv&amp;tr=udp%3a%2f%2ftracker.opentrackr.org%3a1337%2fannounce&amp;tr=udp%3a%2f%2fexodus.desync.com%3a6969%2fannounce
　おとなの事情,magnet:?xt=urn:btih:f18af177eca14ad187fb02e6086a642a23390a87&amp;dn=%e9%98%b3%e5%85%89%e7%94%b5%e5%bd%b1www.ygdy8.com.%e5%a4%a7%e4%ba%ba%e7%9a%84%e4%ba%8b%e6%83%85.2021.BD.1080P.%e6%97%a5%e8%af%ad%e4%b8%ad%e5%ad%97.mkv&amp;tr=udp%3a%2f%2ftracker.opentrackr.org%3a1337%2fannounce&amp;tr=udp%3a%2f%2fexodus.desync.com%3a6969%2fannounce
　真&middot;三国无双,magnet:?xt=urn:btih:25f0d9705e6d9be66e96f280410cb32976dec3be&amp;dn=%e9%98%b3%e5%85%89%e7%94%b5%e5%bd%b1www.ygdy8.com.%e7%9c%9f%e4%b8%89%e5%9b%bd%e6%97%a0%e5%8f%8c.2021.HD.1080P.%e5%9b%bd%e7%b2%a4%e5%8f%8c%e8%af%ad%e4%b8%ad%e5%ad%97.mkv&amp;tr=udp%3a%2f%2ftracker.opentrackr.org%3a1337%2fannounce&amp;tr=udp%3a%2f%2fexodus.desync.com%3a6969%2fannounce
　罪の声/The  Voice of  Sin,magnet:?xt=urn:btih:4a87a652dc3d17032f3ca79e0ab19578fd8b6d3d&amp;dn=%e9%98%b3%e5%85%89%e7%94%b5%e5%bd%b1www.ygdy8.com.%e7%bd%aa%e4%b9%8b%e5%a3%b0.2020.BD.1080P.%e6%97%a5%e8%af%ad%e4%b8%ad%e5%ad%97.mkv&amp;tr=udp%3a%2f%2ftracker.opentrackr.org%3a1337%2fannounce&amp;tr=udp%3a%2f%2fexodus.desync.com%3a6969%2fannounce
　望み/Hope,magnet:?xt=urn:btih:3e4ea046c8e71c77129421bf58a8cf122f04786d&amp;dn=%e9%98%b3%e5%85%89%e7%94%b5%e5%bd%b1www.ygdy8.com.%e5%b8%8c%e6%9c%9b.2020.BD.1080P.%e6%97%a5%e8%af%ad%e4%b8%ad%e5%ad%97.mkv&amp;tr=udp%3a%2f%2ftracker.opentrackr.org%3a1337%2fannounce&amp;tr=udp%3a%2f%2fexodus.desync.com%3a6969%2fannounce
